,network_load,relay_reputation,budget_utilization,recent_win_rate,final_prob
network_load,1.0,-0.027289630558959253,0.030254180984219767,-0.005085622530843946,-0.1819000531894517
relay_reputation,-0.027289630558959253,1.0,0.005628937738603401,0.02930744879995011,0.2611245680476297
budget_utilization,0.030254180984219767,0.005628937738603401,1.0,0.02099712382055393,-0.20730046395670396
recent_win_rate,-0.005085622530843946,0.02930744879995011,0.02099712382055393,1.0,-0.8940423769540929
final_prob,-0.1819000531894517,0.2611245680476297,-0.20730046395670396,-0.8940423769540929,1.0
