,network_load,relay_reputation,budget_utilization,recent_win_rate,final_prob
network_load,1.0,-0.029265538453870855,0.03239129562728086,-0.0032212039076885282,-0.18428010289590063
relay_reputation,-0.029265538453870855,1.0,0.002267570382577311,0.026423277503172127,0.2645561190870884
budget_utilization,0.03239129562728086,0.002267570382577311,1.0,0.023976302635939348,-0.21137771695458538
recent_win_rate,-0.0032212039076885282,0.026423277503172127,0.023976302635939348,1.0,-0.8939128794794617
final_prob,-0.18428010289590063,0.2645561190870884,-0.21137771695458538,-0.8939128794794617,1.0
