,count,mean,std,min,25%,50%,75%,max
network_load,1005.0,0.4948955223880597,0.290618097364544,0.0,0.25,0.49,0.75,1.0
relay_reputation,1005.0,0.5054228855721393,0.2907538376311529,0.0,0.25,0.5,0.77,1.0
budget_utilization,1005.0,0.514179104477612,0.285408506702937,0.0,0.27,0.53,0.77,1.0
recent_win_rate,1005.0,0.10225074626865671,0.0566278725377151,0.0,0.054,0.102,0.15,0.199
final_prob,1005.0,0.004956668961889893,0.003171550786740091,0.0001,0.002390936453150001,0.0046802950348,0.007038052587700001,0.015499860817150001
