,count,mean,std,min,25%,50%,75%,max
network_load,1002.0,0.4954790419161677,0.29085704777027943,0.0,0.2425,0.49,0.75,1.0
relay_reputation,1002.0,0.5045409181636726,0.2907409646297567,0.0,0.25,0.49,0.76,1.0
budget_utilization,1002.0,0.5151197604790418,0.28531636861306076,0.0,0.27,0.53,0.77,1.0
recent_win_rate,1002.0,0.10240718562874251,0.056640266140926265,0.0,0.05425,0.102,0.15075,0.199
final_prob,1002.0,0.004941596219963199,0.003164284530382466,0.0001,0.0023905943450374997,0.004670190462,0.007029451935137501,0.015499860817150001
