,network_load,relay_reputation,budget_utilization,recent_win_rate,final_prob
count,2000.0,2000.0,2000.0,2000.0,2000.0
mean,0.703885,0.8050450000000001,0.055255000000000006,0.0180505,0.09837812093067445
std,0.12878916918766897,0.10983000177385423,0.049867608366374376,0.00968172596486956,0.049974670958127694
min,0.4,0.5,0.0,0.005,0.00926091434564587
25%,0.6,0.76,0.0,0.011,0.05689533822924177
50%,0.7,0.82,0.05,0.017,0.0967001409235902
75%,0.8,0.89,0.1,0.022,0.1408445568304148
max,0.99,0.95,0.15,0.059,0.21413631594316385
