name,rmse,mae,r2,cv_r2
linear_regression,0.04861704396849618,0.04157208166084389,0.042938111049756644,0.027640880954965485
decision_tree,0.05143754768154998,0.04305328292786658,-0.07133041457966649,-0.12417002486312842
random_forest,0.048680390104755396,0.041642826794464384,0.04044245665951318,-0.020790239608180206
gradient_boosting,0.04875515105273245,0.04182768805193186,0.03749291098688834,-0.029809881444880126
svr,0.05659396622797677,0.04645044905531446,-0.296890135295353,-0.2937414880218077
mlp_regressor,0.04985370949742284,0.04212497138556266,-0.006370462681562827,0.024003584174132155
