name,rmse,mae,r2,cv_r2
linear_regression,0.0007131843749637904,0.0005262783207616549,0.949582741595206,0.9457404506823472
decision_tree,0.0009853659045749297,0.000734148174287919,0.9037566684501905,0.8840252644097507
random_forest,0.000616648366426598,0.00044878748832962893,0.9623078633365993,0.9571822661078235
