{
  "best_model": "linear_regression",
  "metrics": {
    "rmse": 0.04861704396849618,
    "mae": 0.04157208166084389,
    "r2": 0.042938111049756644,
    "cv_r2": 0.027640880954965485
  },
  "all_results": {
    "linear_regression": {
      "rmse": 0.04861704396849618,
      "mae": 0.04157208166084389,
      "r2": 0.042938111049756644,
      "cv_r2": 0.027640880954965485
    },
    "decision_tree": {
      "rmse": 0.05143754768154998,
      "mae": 0.04305328292786658,
      "r2": -0.07133041457966649,
      "cv_r2": -0.12417002486312842
    },
    "random_forest": {
      "rmse": 0.048680390104755396,
      "mae": 0.041642826794464384,
      "r2": 0.04044245665951318,
      "cv_r2": -0.020790239608180206
    },
    "gradient_boosting": {
      "rmse": 0.04875515105273245,
      "mae": 0.04182768805193186,
      "r2": 0.03749291098688834,
      "cv_r2": -0.029809881444880126
    },
    "svr": {
      "rmse": 0.05659396622797677,
      "mae": 0.04645044905531446,
      "r2": -0.296890135295353,
      "cv_r2": -0.2937414880218077
    },
    "mlp_regressor": {
      "rmse": 0.04985370949742284,
      "mae": 0.04212497138556266,
      "r2": -0.006370462681562827,
      "cv_r2": 0.024003584174132155
    }
  },
  "feature_importance": {
    "network_load": 0.004257456573477211,
    "relay_reputation": 0.004976232397078035,
    "budget_utilization": 0.002200960086828646,
    "recent_win_rate": 0.003120310607464564
  },
  "timestamp": "2025-10-27T13:32:40.907244",
  "n_samples": 2000
}