{
    "best_model": "random_forest",
    "rmse": 0.000616648366426598,
    "mae": 0.00044878748832962893,
    "r2": 0.9623078633365993,
    "cv_r2": 0.9571822661078235,
    "timestamp": "2025-10-26T13:38:45.943536",
    "explain": {
        "method": "shap",
        "feature_importance": {
            "network_load": 0.0002205984641447919,
            "relay_reputation": 0.000603986239524485,
            "budget_utilization": 0.00032789080295563195,
            "recent_win_rate": 0.0024619238073911435
        }
    }
}